Region label,Unit of measure,1912,1913,1914,1915,1916,1917,1918,1919,1920,1921,1922,1923,1924,1925,1926,1927,1928,1929,1930,1931,1932,1933,1934,1935,1936,1937,1938,1939,1940,1941,1942,1943,1944,1945,1946,1947,1948,1949,1950,1951,1952,1953,1954,1955,1956,1957,1958,1959,1960,1961,1962,1963,1964,1965,1966,1967,1968,1969,1970,1971,1972,1973,1974,1975,1976,1977,1978,1979,1980,1981,1982,1983,1984,1985,1986,1987,1988,1989,1990,1991,1992,1993,1994,1995,1996,1997,1998,1999,2000,2001,2002,2003,2004,2005,2006,2007,2008,2009,2010,2011,2012,2013,2014,2015,2016,2017,2018,2019,2020,2021,2022,Commodity
Australia,hectares,47100,73400,90100,62200,68600,93200,82900,103100,108200,135500,121000,138500,104700,105300,151700,150100,130400,143500,182600,154900,138500,179200,188100,184500,228600,190300,253100,301400,338200,306500,317400,182400,179100,248400,282900,302500,339400,409500,420900,436600,452400,557100,729600,684500,766500,847100,858300,963400,963000,1145200,964500,820500,814400,835300,929900,1010800,1056800,1341000,1521200,2000100,2535400,2139900,1894600,1825600,2329000,2320500,2802300,2784800,2482700,2451800,2685000,2452400,3108600,3518100,3284500,2273900,2345500,2190100,2309900,2555600,2744200,2947200,3424500,2470500,3110600,3366500,3520900,3167300,2595600,3454000,3707400,3863800,4477000,4645700,4405700,4182000,4901800,5015000,4421600,3681000,3718261,3644368,3814113,4078041,4107648,4834102,4124158,4436588,5040903,5491009,5094527,Barley
0,tonnes,46700,87600,89000,30200,86300,92600,90700,108100,97300,162400,138100,148600,112900,115000,144300,157300,112600,150200,172200,151200,142700,196700,180600,182300,218400,166500,284500,245800,354100,161900,408600,187900,172200,114200,252300,263200,473400,403700,443500,519100,497200,795400,936700,667300,945500,1118500,691500,1429500,775800,1542900,942200,899200,915100,1119600,949700,1398300,835400,1647900,1699500,2351700,3061600,1727300,2397500,2515000,3178800,2846900,2383400,4006400,3703400,2682100,3450100,1938800,4889500,5554300,4868400,3547700,3416800,3241600,4044200,4107800,4529800,5396700,6668200,2913200,5822700,6696100,6481700,5987200,5032000,6743500,8279800,3864800,10381800,7739800,9481700,4257000,7160200,7996500,7864600,7994700,8220863,7471592,9174418,8646321,8992274,13505990,9253852,8818946,10127175,14648581,14377284,Barley
New South Wales,hectares,4400,6800,8300,2000,2600,2100,2600,3200,2200,2400,2000,1600,1800,2700,2700,2300,2300,2000,3200,4700,3400,3100,4000,3800,4700,4900,4700,5700,9800,8100,8300,5800,8100,11400,11700,10800,9500,7700,5200,3400,4500,7100,12900,14900,21900,17900,27900,42800,47900,76700,81200,89200,85600,96700,95500,155900,148700,196800,219300,301200,373400,335800,385700,326600,486000,417100,485600,467600,445200,455500,540000,386600,554200,604800,546200,408300,464700,412700,412900,463300,517500,559700,623000,409800,593200,668200,701100,638000,475900,615400,664700,636400,951000,1023100,1103100,901700,1049000,977500,950700,878000,672872,618937,715248,882347,966180,1056379,763470,667931,885403,1370935,1158588,Barley
0,tonnes,2900,6600,6900,1100,2600,1700,2200,2000,900,2800,1900,1300,1600,2700,2400,2300,1500,1800,2600,4300,3100,3500,3800,3800,4900,4700,3800,4900,10600,4000,6900,5100,8600,2800,11300,2400,11800,7300,6000,2900,3800,7700,15500,11400,25500,17700,15600,66400,58700,108800,94000,121800,121600,152400,86400,268100,109900,254800,280300,430400,347000,265900,448100,407600,697400,571300,446000,675900,686300,413300,766400,189400,941100,915000,821400,613600,743900,712300,655600,822500,748700,1043800,1357000,291500,1073600,1483000,1364700,1247400,1040300,1253300,1382300,428000,1955200,1760700,2336400,753000,814300,1449400,1236200,2193600,1425036,1286325,1485537,1868860,2527655,2832124,1304643,909089,916300,4257988,3561719,Barley
Victoria,hectares,21700,29000,33700,25300,24800,37600,34400,40500,34500,38000,40500,41600,22900,25800,41800,36000,31100,30500,39500,35400,26900,37900,43000,35500,47100,40500,56600,71200,82700,75900,82700,31500,33700,52200,54300,55900,66400,79200,95600,87900,75400,94900,151600,113600,125100,139700,142300,146800,112300,125200,91300,78600,76900,75700,77800,92100,123400,165500,196900,269100,295800,277100,221800,243000,344300,366200,418400,365400,325400,302800,314900,278200,403400,485500,388600,265400,366200,349600,388700,463000,533900,551500,639500,492300,627500,584700,618100,568100,585300,693200,700100,777500,871600,924300,866500,913000,1106900,1136100,976300,801600,831249,854143,918670,916076,844470,946126,843675,892809,1101690,1011883,870238,Barley
0,tonnes,23200,39600,41100,13600,39300,40800,44700,46000,34700,56600,53000,55400,33000,32800,40300,43600,35200,35300,49500,45000,28500,45300,42800,36500,52500,48600,61400,37900,84800,26900,108700,28900,24500,8200,39500,52700,81100,80500,110600,102300,82100,107400,179900,112200,156000,171200,123500,194600,126800,175100,105600,124000,21300,98300,73000,122900,61400,201500,257900,318400,390900,213600,285400,319400,444600,401800,358600,519100,494100,418000,459400,74600,758400,637700,475800,443900,529500,544800,696000,650600,897900,1116300,1386200,448100,1341700,1189400,928300,869800,1189300,1670500,1655700,478400,2274500,1305100,2003600,604500,1789200,1461400,1864500,1944900,2005065,1952219,2035814,1373833,1107380,3082850,2109687,1337317,3116609,2918480,2270503,Barley
Queensland,hectares,700,3800,3600,2900,600,5100,3100,500,1300,6400,3100,2100,300,3600,2800,200,1300,3100,3900,3400,900,1900,3500,3900,2600,2700,3500,5700,5300,2900,3000,3300,5200,6100,8500,3700,7000,11200,10100,10600,11400,29100,22700,35300,58900,53100,69900,100600,105200,88800,71600,60600,71200,91200,136900,155300,138600,172800,168700,91300,158600,77900,138900,156300,236200,218300,200200,232500,194800,159700,206400,167000,261000,328800,342600,167900,169400,199900,179400,176900,127800,189300,232200,93500,167800,180200,135300,163300,129900,111900,96400,107900,151200,97200,129300,80500,112900,91900,68500,94000,79979,89655,105760,125477,137699,148991,104887,99476,80482,227397,207315,Barley
0,tonnes,300,3300,2600,2400,200,5700,3300,200,800,7200,3000,2100,100,3900,2100,0,1600,2400,4700,3900,800,2300,3500,3600,2100,800,2700,5600,6100,2800,2700,3700,5700,7200,11800,1600,9800,14100,13100,11100,10200,47900,25900,58400,95700,67200,67100,183900,151000,99700,80200,92800,117800,161400,207400,299500,203500,292100,172200,61300,248700,79900,221100,297300,419100,407000,216300,583300,346500,170300,397500,268500,541800,704300,809900,275900,244200,374100,320700,360800,70100,285200,260500,72800,195000,428600,204500,320400,253800,115000,170700,148300,263100,177800,166000,79000,142800,173000,113100,146200,191021,170208,179535,253191,372361,435727,187837,132008,80075,434362,617250,Barley
South Australia,hectares,16500,27900,36600,26800,34400,41900,38700,52800,63900,81800,69200,87100,74600,67400,96900,103800,88800,100100,123600,102000,98100,127200,124400,128200,159300,123300,166400,185000,203800,190700,193500,120600,105800,145600,178800,203200,227600,282400,280800,309500,336500,379400,454000,412700,421600,494400,490400,539200,522000,629600,514300,426100,454500,443000,444400,448000,468100,571600,559900,693500,783700,692100,627300,700700,832000,855000,1073000,1091000,984000,989000,1032000,1005000,1103800,1121900,1169100,955400,876300,836600,899500,945000,999200,1023300,1115300,881900,963500,1008900,1017300,975300,845300,1040900,1151200,1193700,1215900,1280100,1169400,1193200,1244300,1240100,997400,795400,881210,861391,810465,840446,769482,980776,876488,872908,1061346,1030847,969847,Barley
0,tonnes,16000,29900,30300,10200,38500,39400,37500,54900,55600,89600,74400,83900,73800,70500,93900,105100,68100,104100,105700,89900,103800,137800,119300,129000,147400,96700,196300,171200,226100,108400,265900,136700,114800,72300,171800,191200,348800,274700,288900,379700,382000,588000,646800,417100,558400,771900,398400,855000,269200,958700,483300,408700,552400,611400,420300,537900,281000,670800,690700,742500,1046800,508700,793000,1134500,1094400,889100,591800,1422700,1527500,1158100,1227100,667500,1816900,1836400,1709300,1592300,1260500,1035900,1724500,1505700,1881500,1855300,2242400,1158700,1851100,1923200,2027100,2051000,1409200,2320300,2781800,1439900,2691100,1979200,2547800,996000,1672400,1876800,2068200,2122400,1815510,1794436,1892284,1941042,1719367,3002007,1860785,1614987,1995135,2395385,2145560,Barley
Western Australia,hectares,1500,2300,4700,2800,4100,4500,2000,3200,3700,4300,3200,3700,3500,4700,5400,5600,4900,5800,9600,7000,5900,5600,9900,10800,12800,16200,18200,30300,33500,26600,27700,20000,24800,30800,26900,26500,25600,26000,27500,23900,22900,43300,84700,105100,136400,139000,124400,130100,170500,218800,198500,157900,120600,122500,167200,151000,168300,223700,364300,632100,911300,744100,509800,387000,419000,452300,613600,616300,522900,534800,579600,603300,771000,964700,825700,468400,460800,383500,421400,497700,554500,611100,799300,579100,744500,909300,1036000,811400,550100,982900,1087500,1140100,1278000,1313400,1129000,1083000,1380900,1558800,1419800,1101100,1246313,1215047,1257903,1308458,1383931,1693705,1531074,1897361,1906858,1844270,1884241,Barley
0,tonnes,800,2100,3800,500,3000,3000,800,1800,2600,2500,1900,2400,2200,4000,3600,2900,2900,4300,5900,4200,3700,3100,7400,5400,9500,10200,13300,21500,22100,16500,21800,12100,16400,20100,15100,11800,16900,22300,22000,21000,15800,39600,62000,63700,105600,85100,80700,122800,160700,192900,165300,137500,92500,84000,147100,152300,159500,208500,273500,769300,1000400,640400,626200,329100,505000,553100,751300,778400,631600,504000,576500,716900,797200,1431200,1024300,601400,617100,552400,628000,742200,899600,1060900,1381400,914900,1322800,1635300,1926300,1468600,1117300,1358400,2262800,1349000,3169900,2489200,2399800,1808400,2719400,3007400,2553700,1548600,2761114,2251680,3555662,3192452,3247933,4119831,3774555,4798004,3996150,4611219,5758301,Barley
Tasmania,hectares,2500,3600,3100,2400,2200,1900,2100,2800,2500,2500,2900,2300,1700,1200,2100,2300,2100,1900,2800,2500,3400,3500,3200,2300,2100,2800,3800,3500,3100,2300,2200,1100,1400,2200,2700,2500,3300,3000,1800,1300,1700,3300,3800,2900,2600,2900,3400,3800,5000,6200,7600,8000,5600,6300,8100,8500,9700,10600,12000,12900,12600,12800,11100,12000,11500,11600,11400,11900,10600,10100,12100,12400,15100,12400,12200,8500,8000,7800,8000,9800,11300,12300,15200,14000,14000,14500,13200,11200,9100,9700,7400,8300,9300,7600,8500,7500,7800,10600,8800,10900,6466,5093,5966,5237,5573,8118,4552,6102,5123,5423,4297,Barley
0,tonnes,3400,6000,4300,2400,2600,2000,2200,3200,2700,3700,3800,3500,2200,1200,2100,3400,3200,2300,3800,3800,2700,4800,3900,4000,2100,5500,7000,4700,4400,3300,2700,1400,2200,3600,2800,3500,5000,4700,3000,2100,3400,4900,6700,4500,4300,5300,6100,6700,9500,7800,13800,14300,9400,12000,15500,17500,20100,20100,24900,29800,27800,18700,23800,27300,18400,24600,19400,27000,17300,18300,23300,21900,34100,29700,27700,20700,21500,22000,19300,26000,31800,35300,40800,27100,38500,35200,30900,30000,22200,26000,26400,21200,28000,27800,28200,16200,22000,28500,28800,39100,23115,16513,25375,16942,16453,33430,16319,27540,22906,30840,23951,Barley
Northern Territory,hectares,0,0,0,0,0,0,0,0,0,0,0,0,0,0,0,0,0,0,0,0,0,0,0,0,0,0,0,0,0,0,0,0,0,0,0,0,0,0,0,0,0,0,0,0,0,0,0,0,0,0,0,0,0,0,0,0,0,0,0,0,0,0,0,0,0,0,0,0,0,0,0,0,0,0,0,0,0,0,0,0,0,0,0,0,0,600,0,0,0,0,0,0,0,0,0,3200,0,0,0,0,0,0,0,0,311,0,0,0,0,255,0,Barley
0,tonnes,0,0,0,0,0,0,0,0,0,0,0,0,0,0,0,0,0,0,0,0,0,0,0,0,0,0,0,0,0,0,0,0,0,0,0,0,0,0,0,0,0,0,0,0,0,0,0,0,0,0,0,0,0,0,0,0,0,0,0,0,0,0,0,0,0,0,0,0,0,0,0,0,0,0,0,0,0,0,0,0,0,0,0,0,0,1300,0,0,0,0,0,0,0,0,0,0,0,0,0,0,0,0,0,0,1119,0,0,0,0,305,0,Barley
Australian Capital Territory,hectares,0,0,0,0,0,0,0,0,0,0,0,0,0,0,0,0,0,0,0,0,0,0,0,0,0,0,0,0,0,0,0,0,0,0,0,0,0,0,0,0,0,0,0,0,0,0,0,0,0,0,0,0,0,0,0,0,0,0,0,0,0,0,0,0,0,0,0,0,0,0,0,0,0,0,0,0,0,0,0,0,0,0,0,0,0,0,0,0,0,0,0,0,0,0,0,0,0,0,0,0,173,102,100,0,2,7,10,0,0,0,0,Barley
0,tonnes,0,0,0,0,0,0,0,0,0,0,0,0,0,0,0,0,0,0,0,0,0,0,0,0,0,0,0,0,0,0,0,0,0,0,0,0,0,0,0,0,0,0,0,0,0,0,0,0,0,0,0,0,0,0,0,0,0,0,0,0,0,0,0,0,0,0,0,0,0,0,0,0,0,0,0,0,0,0,0,0,0,0,0,0,0,0,0,0,0,0,0,0,0,0,0,0,0,0,0,0,0,210,210,0,6,20,26,0,0,0,0,Barley
Australia,hectares,123000,143000,142100,125300,144800,139100,128000,98100,111600,122700,129100,115000,172100,131100,113500,154800,145200,119200,120600,108800,89100,120100,120400,118000,130100,125700,133300,128500,137700,134400,121700,114700,108500,95200,97400,99500,78000,80900,77100,68000,67400,73100,72400,66000,74800,72100,70900,79300,75900,84200,86600,87700,87600,79800,78800,80200,69900,66500,79300,85600,78200,59300,45600,51400,46700,53000,45200,49900,53900,56200,60800,64300,68400,102900,84200,57700,55600,51700,52300,48500,51800,44900,43800,50200,56300,66700,57400,64500,82300,74200,82600,49600,70100,72400,67200,48900,0,64600,0,62200,69684,78634,52360,59558,53281,67771,52783,58949,37730,45742,0,Maize
0,tonnes,198800,247500,241700,157400,197900,246300,222500,117700,176400,207000,206900,157300,340900,215500,170300,279100,249600,192100,206700,183900,125400,181100,201200,189500,180700,170800,201200,169300,194600,221900,184100,193000,172200,138800,147600,161300,130400,155700,143100,105100,107400,136100,129900,119500,140000,131800,155800,180900,165400,182000,194000,172500,182400,132100,169100,186000,153000,149100,191400,211600,213800,138800,105800,133300,131400,144100,129800,168500,150700,171700,211300,139100,238100,291400,277700,206400,208200,216700,218700,193700,268900,198800,204100,242400,311100,397700,271800,338200,406000,344900,453900,310000,395000,419700,362000,239900,0,375700,0,356900,450535,506725,390364,494589,400032,436194,387240,327206,267552,305656,0,Maize
New South Wales,hectares,67900,71400,63500,58100,62400,62900,59000,46400,55200,58300,59400,55900,67600,59300,48900,52000,60200,43200,43800,42500,42900,45900,47400,46800,48500,47100,50600,49500,46900,57500,47500,41900,41800,38100,37400,44500,35200,31500,29500,21300,21900,24500,23700,20500,22500,21500,23300,25200,20900,19900,20800,18800,18100,16900,17000,19800,20900,22000,32700,33300,33200,23900,18000,22200,17400,19700,16000,15200,12100,13000,12800,12100,11300,19300,18200,16200,14700,13700,16700,17800,16800,15600,14200,20500,23600,30700,22400,26500,22100,26400,28300,20500,21800,25500,30600,20400,0,14400,0,23200,21085,34081,22171,23438,17394,22655,20163,21326,9751,20656,0,Maize
0,tonnes,114500,129900,113100,80600,95900,110100,88900,53100,102900,106100,101000,83500,117400,106900,83300,91400,99800,63700,77100,70300,67800,74600,79600,82300,84500,83900,86400,73800,72000,102700,79800,71500,70300,61900,65000,63700,59900,62900,61200,38400,35800,53700,44100,44900,47400,49400,56800,72600,63100,56600,59700,54500,53100,47700,40800,62800,58900,78300,101700,106500,114400,67300,47900,59600,50600,65400,48400,55400,49900,45500,58500,47700,55600,74200,90100,77100,72100,78300,97600,90600,119100,107900,100000,145300,190000,255900,161200,186200,177800,177600,245800,163500,177500,242100,211900,143200,0,115100,0,171100,206850,261232,209303,245789,169800,202507,190204,147444,95173,180761,0,Maize
Victoria,hectares,7400,8100,7300,7900,9000,9300,8500,9100,9500,9800,9400,10500,11800,9400,8900,8100,7100,6500,7100,6600,6400,6600,7900,7600,8200,8100,8400,7500,7700,6200,3900,2900,2700,1800,2800,3300,3200,2600,2100,1700,1700,2100,2300,1800,1400,1100,1700,1600,1400,1200,1300,1500,1400,1000,700,600,400,500,500,500,400,500,700,500,500,400,500,500,600,600,500,600,900,1200,1100,600,1300,300,300,300,400,400,200,700,1100,1000,900,500,700,800,900,1400,600,1000,1900,300,0,400,0,1600,4180,3113,3425,4814,5369,7584,5101,7035,5145,4014,0,Maize
0,tonnes,20100,18200,20300,25900,25400,29800,29300,18100,22300,27100,24200,22400,37200,22700,19500,17400,19200,17300,13600,17600,15500,12100,16400,18300,16200,20200,19900,10600,9700,17900,7800,6900,3800,4200,7800,9100,8200,6600,4900,4700,4300,5200,7600,5800,4500,2100,6100,5200,4600,4300,4900,5500,5200,2900,2600,1800,800,1800,1800,1600,1900,1500,1900,1900,2500,1700,1800,2000,2900,3000,2400,2400,5000,6300,5000,3200,5500,1400,1000,2000,3000,2800,1700,5100,6800,6500,10200,2500,4000,7600,9100,15200,6600,2200,19200,2500,0,3000,0,11600,20880,28216,38061,58897,61202,68650,59766,66173,53626,41230,0,Maize
Queensland,hectares,47800,63400,71400,59300,73400,66800,60500,42600,46900,54600,60300,48600,92700,62400,55700,94700,77800,69500,69700,59800,39900,67600,65000,63700,73400,70500,74200,71600,83100,70600,70300,69900,64000,55200,57300,51700,39500,46800,45500,45000,43800,46400,46400,43800,50800,49500,45900,52500,53600,63000,64500,67400,68100,62000,61100,59800,48600,44000,46200,51700,44500,34900,27000,28700,28700,32900,28700,34100,41200,42600,47500,50900,55100,81200,63200,38300,36900,36500,34200,29300,33700,27200,27600,27200,31000,34200,33600,36700,59400,46600,53300,27600,47700,45600,34100,27200,0,49300,0,37000,42860,40209,26159,30720,30088,35312,25738,28281,16983,16600,0,Maize
0,tonnes,64100,99500,108200,50900,76700,106400,104300,46500,51100,73900,81700,51400,186200,86000,67500,170300,130500,111200,116000,96000,42000,94400,105200,89000,80000,66800,94800,85000,112900,101300,96500,114600,98000,72700,74800,88600,62300,86200,76900,62000,67300,77300,78200,68800,88100,80300,92800,103100,97700,121100,129400,112500,124100,81500,125700,121400,93200,68900,87900,103500,97500,70000,56000,71800,78300,77000,79600,111100,97900,123200,150400,87400,174800,206900,175800,118000,124200,132100,114600,94900,141200,74600,87100,79900,113600,129900,96900,144900,223600,159100,198400,130900,210600,173500,129100,92400,0,254900,0,171500,216916,213117,137245,182983,163901,146237,114642,88033,57715,65856,0,Maize
South Australia,hectares,0,0,0,0,0,0,0,0,0,0,0,0,0,0,0,0,0,0,0,0,0,0,0,0,0,0,0,0,0,0,0,0,0,0,0,0,0,0,0,0,0,0,0,0,0,0,0,0,0,0,0,0,0,0,0,0,0,0,0,0,0,0,0,0,0,0,0,0,0,0,0,0,0,100,100,100,100,0,0,0,0,0,0,0,0,0,0,0,0,0,0,0,0,0,0,0,0,0,0,200,851,171,0,0,92,45,0,0,0,2638,0,Maize
0,tonnes,0,0,0,0,0,0,0,0,0,0,0,0,0,0,0,0,0,0,0,0,0,0,0,0,0,0,0,0,0,0,0,0,0,0,0,0,0,0,0,0,0,0,0,0,0,0,0,0,0,0,0,0,0,0,0,0,0,0,0,0,0,0,0,0,0,0,0,0,0,0,0,0,100,400,700,500,400,0,0,0,0,0,0,0,0,0,0,0,0,0,0,0,0,0,0,0,0,0,0,1200,1998,897,0,0,681,583,0,0,0,4487,0,Maize
Western Australia,hectares,0,0,0,0,0,0,0,0,0,0,0,0,0,0,0,0,0,0,0,0,0,0,0,0,0,0,0,0,0,0,0,0,0,100,0,0,0,0,0,0,0,0,0,0,0,0,0,0,0,0,0,0,0,0,0,0,100,0,0,0,0,0,0,0,0,0,0,0,0,0,0,500,400,200,800,1200,700,700,700,900,800,1700,1600,1600,500,600,400,500,0,300,0,0,100,200,500,700,0,300,0,200,308,1059,504,556,320,1710,1537,2174,4984,1808,0,Maize
0,tonnes,0,0,0,0,0,0,0,0,0,0,0,0,0,0,0,0,0,0,0,0,0,0,0,0,0,0,0,0,0,0,0,0,0,0,0,0,0,0,0,0,0,0,0,0,0,0,0,0,0,0,0,0,0,0,0,0,0,0,0,0,0,0,0,0,0,0,0,0,0,0,0,1400,1800,1500,4800,5800,4800,4000,4800,5400,4900,12900,14600,11400,500,5100,3100,3600,400,300,0,400,300,1400,1700,1200,0,2100,0,1600,2292,3262,4923,6612,4180,16525,18389,25443,56038,13122,0,Maize
Tasmania,hectares,0,0,0,0,0,0,0,0,0,0,0,0,0,0,0,0,0,0,0,0,0,0,0,0,0,0,0,0,0,0,0,0,0,0,0,0,0,0,0,0,0,0,0,0,0,0,0,0,0,0,0,0,0,0,0,0,0,0,0,0,0,0,0,0,0,0,0,0,0,0,0,0,0,0,0,0,0,0,0,0,0,0,0,0,0,0,0,0,0,0,0,0,0,0,0,0,0,100,0,0,0,0,100,30,14,72,244,133,np,26,0,Maize
0,tonnes,0,0,0,0,0,0,0,0,0,0,0,0,0,0,0,0,0,0,0,0,0,0,0,0,0,0,0,0,0,0,0,0,0,0,0,0,0,0,0,0,0,0,0,0,0,0,0,0,0,0,0,0,0,0,0,0,0,0,0,0,0,0,0,0,0,0,0,0,0,0,0,0,0,0,0,0,0,0,0,0,0,0,0,0,0,0,0,100,0,0,0,0,0,0,0,0,0,500,0,0,0,0,832,307,257,1147,4238,114,np,202,0,Maize
Northern Territory,hectares,0,0,0,0,0,0,0,0,0,0,0,0,0,0,0,0,0,0,0,0,0,0,0,0,0,0,0,0,0,0,0,0,0,0,0,0,0,0,0,0,0,0,0,0,0,0,0,0,0,0,0,0,0,0,0,0,0,0,0,0,0,0,0,0,0,0,0,0,0,0,0,100,800,1000,800,1200,1800,700,500,200,200,200,100,200,100,100,100,200,100,100,100,0,0,0,20,200,0,0,0,0,400,0,0,0,4,394,0,0,np,0,0,Maize
0,tonnes,0,0,0,0,0,0,0,0,0,0,0,0,0,0,0,0,0,0,0,0,0,0,0,0,0,0,0,0,0,0,0,0,0,0,0,0,0,0,0,0,0,0,0,0,0,0,0,0,0,0,0,0,0,0,0,0,0,0,0,0,0,0,0,0,0,0,0,0,0,0,0,200,900,2200,1200,1800,1200,800,600,700,700,600,700,600,200,200,300,700,200,400,600,100,0,0,75,400,0,0,0,0,1600,0,0,0,11,544,0,0,np,0,0,Maize
Australian Capital Territory,hectares,0,0,0,0,0,0,0,0,0,0,0,0,0,0,0,0,0,0,0,0,0,0,0,0,0,0,0,0,0,0,0,0,0,0,0,0,0,0,0,0,0,0,0,0,0,0,0,0,0,0,0,0,0,0,0,0,0,0,0,0,0,0,0,0,0,0,0,0,0,0,0,0,0,0,0,0,0,0,0,0,0,0,0,0,0,0,0,0,0,0,0,0,0,0,0,0,0,0,0,0,0,0,0,0,0,0,0,0,0,0,0,Maize
0,tonnes,0,0,0,0,0,0,0,0,0,0,0,0,0,0,0,0,0,0,0,0,0,0,0,0,0,0,0,0,0,0,0,0,0,0,0,0,0,0,0,0,0,0,0,0,0,0,0,0,0,0,0,0,0,0,0,0,0,0,0,0,0,0,0,0,0,0,0,0,0,0,0,0,0,0,0,0,0,0,0,0,0,0,0,0,0,0,0,0,0,0,0,0,0,0,0,0,0,0,0,0,0,0,0,0,0,0,0,0,0,0,0,Maize
Australia,hectares,249600,353800,347600,314500,292100,341600,249200,310900,432300,379200,296800,410500,435900,471500,410000,341600,454100,423100,613400,437900,439200,415700,556000,631800,632900,617000,569900,721900,680400,697100,590700,605600,572600,823200,788600,699000,851800,715900,707100,711000,956800,1118600,864700,1041700,1357100,1034300,1197300,1607900,1226100,1471600,1252800,1332000,1372300,1414700,1523400,1722600,1367600,1566400,1374000,1552900,1240500,994900,1182100,896400,1026000,995200,1076000,1359000,1123000,1092600,1388300,1211800,1771800,1040700,1068400,1140300,1275600,1309500,1088700,1043600,1160100,1149100,947400,896600,1136300,1051800,936700,908900,583600,650500,784100,911500,1089300,893600,930300,1002700,1237800,870300,850100,826000,731144,728575,714699,854417,821498,1027872,874136,938129,815954,1069891,842394,Oats
0,tonnes,173300,292100,276200,78700,299800,254100,188000,189300,227600,335900,220300,271700,313800,351600,221400,227900,219100,255800,261500,302000,275400,292900,306600,306300,339300,302000,311000,281800,458500,184700,404200,390200,320900,162500,467200,282100,737900,427600,496300,455400,625400,790600,597300,595000,1023700,641400,569400,1574700,848800,1379200,998900,1247100,1236400,1269200,1100100,1941000,717800,1709000,1246400,1612400,1275100,736400,1107300,874200,1196500,1071700,990500,1763200,1411000,1128300,1617100,848200,2295800,1367400,1329700,1583900,1698100,1838100,1640400,1529800,1689800,1936600,1646600,924100,1874900,1652900,1634400,1798300,1117800,1049800,1433700,957100,2018100,1282500,1688000,748300,1502300,1160000,1161600,1127700,1262032,1121135,1254659,1198006,1299680,2265503,1227387,1134619,1142934,1897990,1734874,Oats
New South Wales,hectares,28800,34500,41900,17600,23700,27200,33400,35000,30800,31400,28200,29900,35200,50000,40900,42500,46500,51300,73400,71500,61400,66300,82400,96100,113200,95400,103300,161700,164000,95900,123000,174500,151400,220300,249700,225800,246500,153100,151600,134400,241400,295400,205100,266000,365100,170200,289500,457400,229600,371300,288700,286500,321300,344000,417900,551400,367200,479500,365500,405300,261300,285200,405000,269900,289600,249600,288400,431500,348700,363300,555700,394400,812600,311700,429100,482300,525800,548000,365200,374300,456700,447700,369000,375500,505100,392700,324900,354000,159700,167900,230900,308300,449200,399900,416400,390100,464400,273400,306900,321200,236267,233775,267875,362158,277807,326981,365955,334466,264454,393583,248050,Oats
0,tonnes,21000,30400,33300,9300,24400,19700,26400,23100,10600,29800,21200,22700,28500,45600,29300,34500,30000,39600,45900,58800,45800,63800,57700,70000,85900,72000,61600,87700,125300,36200,74700,133100,127900,31900,181400,37100,248100,104900,127300,72500,170500,223600,154800,139100,300000,113800,71600,501500,201800,389500,240000,290900,359500,415200,228700,743900,149400,498100,349000,456000,221200,196500,327600,293100,349900,307100,241800,594300,460700,309900,741300,134900,1120400,401800,538300,635200,707400,779600,503500,538400,578800,761500,617800,197300,711200,607200,488200,669100,283700,245700,320400,149300,610200,429200,633000,114600,193200,260600,210900,468600,257557,275517,283326,350434,382563,495657,229353,126262,183159,644979,344449,Oats
Victoria,hectares,122300,177800,178900,177000,143200,178700,118700,138800,226400,179500,129000,199300,210700,209300,177100,122800,214200,140400,255000,150100,177900,149300,212900,205000,204600,154200,159600,266300,177900,226300,170800,173200,172500,292300,207000,183700,263100,218400,195500,213400,273800,306000,236000,260800,352500,247900,251800,392800,272400,337900,313400,377200,368300,391000,390800,436600,292600,401200,357600,399200,329500,254700,271200,197800,281700,241300,228400,290800,255700,218700,245100,212900,323700,228300,211500,214800,216200,188900,188600,177100,182800,222900,185800,147700,187000,174600,172300,188000,138300,139900,142000,188100,194300,149900,151300,176100,210500,190800,168400,165900,131097,117098,105717,133208,140440,161869,97126,134213,108271,131074,93372,Oats
0,tonnes,83200,151000,161300,29200,169300,150400,111400,95700,119800,197900,110400,146800,169900,173700,90700,88600,85000,101600,91800,125100,117000,115500,123000,95200,115500,110800,96700,52800,150200,47600,147900,120400,67200,24200,134300,116100,279100,135900,158200,163900,202300,228600,178700,181800,269600,173400,172900,423500,230400,375000,296000,490600,360800,407300,322700,567000,124500,548500,470400,466600,449400,238200,232700,186000,337200,309000,268500,446200,390300,321700,306000,97600,494800,343200,300000,355900,325200,276100,330400,301100,300400,403800,362000,200600,391700,304000,369100,458000,296300,351400,333900,250100,507300,284500,328100,134200,334700,236300,300100,237000,234090,233159,213071,179468,185291,492994,188467,165344,197027,334292,233846,Oats
Queensland,hectares,200,1700,1700,1100,100,2700,1200,100,100,1900,900,500,100,1600,500,100,900,400,800,2100,600,1500,2100,1800,2800,3200,3100,3500,4700,2900,3300,7700,8900,6800,16200,6200,10100,8600,8300,6900,8400,22800,5500,14700,14400,11100,7700,15800,8700,7500,10800,11000,12600,22400,18200,26900,12500,22300,30400,24400,20600,10400,19600,25400,11900,9000,9600,30200,12500,14300,17800,11900,19500,12400,21300,20300,19500,17700,15400,24200,15000,14800,15900,13700,14100,39400,16000,18100,10000,12800,10600,9400,9100,20900,15600,24400,20300,7300,11600,13600,17860,47966,23299,65349,36203,47424,44868,35889,50100,63106,50278,Oats
0,tonnes,100,1500,1000,800,0,2000,800,100,100,1900,600,400,0,1200,300,0,800,200,700,1700,400,1100,1300,1500,2200,400,1400,1700,3600,1400,1200,5000,7000,5400,15000,1400,8600,7600,6100,4000,4800,23600,3600,10800,13400,10000,4600,15100,7100,5200,7500,9900,12200,21200,13300,26500,8100,20300,17200,8400,17600,8200,13300,28500,13000,9100,4800,43200,8700,5900,16400,8600,19400,14300,26100,18800,13600,14500,14300,27100,5200,9700,7800,3200,6900,25700,13000,15300,11800,5900,7500,3500,4900,9700,7500,3600,11800,7000,6600,7300,22762,14355,2988,14789,23371,56470,12380,10624,24990,60976,66892,Oats
South Australia,hectares,43700,62900,47300,56900,51200,61400,43100,65100,77800,67600,50600,70300,71300,62800,64000,61600,79700,83900,112500,88400,83600,70500,107300,148600,121300,167800,134500,108000,141200,191200,117900,106300,90800,135200,149600,102100,125000,116000,105800,109800,156800,149500,113400,137500,172000,172900,173000,194700,204600,207300,131000,168200,202600,179600,183200,205900,212400,208700,150400,194900,168900,141500,152200,134900,119000,116700,130000,170500,129000,105500,127300,123600,153400,127800,108500,112600,131800,155500,172000,134600,129300,122900,101500,94900,119600,120600,110500,112400,69900,75000,108300,87900,88700,75800,72200,106400,141600,100000,96200,67000,54950,67899,53676,56825,65419,86092,57088,115379,92239,99866,79111,Oats
0,tonnes,24400,30300,21700,6700,38600,33300,22600,27900,29600,42200,23500,30400,39100,35100,32700,31000,25000,31500,28300,37700,41400,32400,37800,43700,43100,42800,53600,43500,73500,33100,68800,60900,41500,23800,57500,50300,97600,47800,62700,64000,97800,120700,78200,81600,131800,150600,61900,217100,45300,207700,79500,104400,165600,162500,101800,186000,59700,215300,120900,152600,165800,74300,142300,111700,107300,90300,55400,176800,144100,96100,97900,64500,180500,132300,110200,149100,134600,131400,249900,147600,172500,164500,135100,87000,161900,155800,153000,178100,77500,117200,202900,69900,137400,89700,119600,51500,115300,81300,144000,124600,78033,88430,82175,89434,102548,179374,93916,140275,91794,161430,145667,Oats
Western Australia,hectares,31400,51700,54100,38900,42100,49500,38700,57200,77700,78300,65900,86700,97800,129100,112600,95000,95300,131900,155900,111200,108400,115700,138700,165400,181400,187400,156300,172400,183200,173700,164800,138500,144900,162700,160400,172000,200200,215200,236600,237000,265700,336800,296700,353500,441500,425500,466800,538100,502000,538200,498000,476500,455200,466200,501900,487200,468700,442100,461100,519600,453900,296700,324900,262300,319900,372300,415000,427500,369600,382000,432200,460900,448200,350600,287600,302500,372600,389100,339900,324100,367200,331600,268500,256500,300400,316300,304900,228400,199400,248300,286600,313900,343900,243000,270600,299000,396800,294900,263300,254900,287544,258172,259814,233230,299755,402883,306385,315929,298520,379412,369635,Oats
0,tonnes,17400,38100,30000,8400,27800,30600,16400,27100,45000,36600,36600,40900,51500,76800,53200,49200,52900,64300,73500,59600,64200,65200,71500,76800,82500,62400,79000,84500,96200,58800,96400,65400,71700,69600,73900,66300,97900,126700,131600,143200,139200,189000,173600,173500,298900,189000,249700,408800,354700,394800,365400,336100,323100,253600,421300,400300,357600,416300,280600,519900,413900,212000,383100,249500,385700,347400,415600,490900,399300,383600,441800,533600,455600,459900,338200,413600,501600,618500,529400,496800,614300,577900,511100,424800,584800,546100,596100,463400,438700,317000,556900,476700,751500,460300,591300,441000,839500,568300,493300,283300,661965,502281,661401,557595,601410,1035754,697234,687050,643167,688251,937443,Oats
Tasmania,hectares,23300,25300,23800,23100,31700,22300,14100,14700,19500,20400,22100,23800,20800,18700,14900,19600,17400,15200,15800,14500,7500,12400,12600,14800,9700,8900,13100,10000,9400,7100,11000,5300,3900,6000,5700,9200,6900,4700,9200,9500,10700,8100,8100,9200,11600,6700,8400,9000,8900,9400,10900,12600,12300,11400,11400,14500,14300,12700,9000,9400,6400,6500,9200,6100,3900,6400,4600,8600,7500,8800,9900,8000,14000,9900,10300,7800,9600,10200,7600,9300,9100,9200,6700,8300,10100,8100,8000,8000,6300,6600,5600,3900,4100,4000,4300,3600,4200,3700,3700,3400,3425,3665,4318,3647,1875,2624,2714,2254,np,2404,1948,Oats
0,tonnes,27200,40900,28800,24300,39600,18200,10300,15400,22500,27500,28100,30500,24700,19400,15200,24700,25500,18400,21400,19100,6500,15100,15400,19200,10100,13700,18800,11700,9600,7600,15200,5300,5400,7600,5100,10800,6500,4800,10500,7800,10800,5200,8400,8200,10000,4600,8800,8900,9300,7100,10700,15000,15300,9500,12300,17200,18400,10600,8300,8800,7100,7100,8200,5500,3500,8800,4300,11800,7900,11100,13400,8900,24700,15900,16500,11200,15600,17900,12800,18800,18600,19000,12700,11300,18400,14000,14900,14400,9700,12600,11900,7500,6600,9100,8500,3400,7900,6500,6600,7000,7624,7393,11697,6287,4496,5254,6036,5063,np,7221,6577,Oats
Northern Territory,hectares,0,0,0,0,0,0,0,0,0,0,0,0,0,0,0,0,0,0,0,0,0,0,0,0,0,0,0,0,0,0,0,0,0,0,0,0,0,0,0,0,0,0,0,0,0,0,0,0,0,0,0,0,0,0,0,0,0,0,0,0,0,0,0,0,0,0,0,0,0,0,0,0,0,0,0,0,0,0,0,0,0,0,0,0,0,0,0,0,0,0,0,0,0,0,0,3200,0,0,0,0,0,0,0,0,0,0,0,0,0,382,0,Oats
0,tonnes,0,0,0,0,0,0,0,0,0,0,0,0,0,0,0,0,0,0,0,0,0,0,0,0,0,0,0,0,0,0,0,0,0,0,0,0,0,0,0,0,0,0,0,0,0,0,0,0,0,0,0,0,0,0,0,0,0,0,0,0,0,0,0,0,0,0,0,0,0,0,0,0,0,0,0,0,0,0,0,0,0,0,0,0,0,0,0,0,0,0,0,0,0,0,0,0,0,0,0,0,0,0,0,0,0,0,0,0,0,776,0,Oats
Australian Capital Territory,hectares,0,0,0,0,0,0,0,0,0,0,0,0,0,0,0,0,0,0,0,0,0,0,0,0,0,0,0,0,0,0,0,0,0,0,0,0,0,0,0,0,0,0,0,0,0,0,0,0,0,0,0,0,0,0,0,0,0,0,0,0,0,0,0,0,0,0,0,0,0,0,0,100,500,0,200,100,200,0,0,100,0,100,0,100,100,100,100,100,0,100,100,100,100,100,0,0,0,100,0,0,0,0,0,0,0,0,0,0,np,64,0,Oats
0,tonnes,0,0,0,0,0,0,0,0,0,0,0,0,0,0,0,0,0,0,0,0,0,0,0,0,0,0,0,0,0,0,0,0,0,0,0,0,0,0,0,0,0,0,0,0,0,0,0,0,0,0,0,0,0,0,0,0,0,0,0,0,0,0,0,0,0,0,0,0,0,0,0,0,300,0,300,200,200,100,0,0,0,200,100,0,100,100,100,100,100,100,100,100,200,100,0,0,0,0,100,0,0,0,0,0,0,0,0,0,np,64,0,Oats
Australia,hectares,3006000,2970300,3758500,3905700,5052300,4667200,3955700,3233500,2597800,3671400,3933200,3951300,3860900,4380800,4128400,4730000,4965600,6005100,6060300,7350400,5965000,6378800,6029100,5075800,4838200,4983900,5557600,5805000,5375300,5116300,4857200,3755200,3186400,3424300,4623000,5332300,5615300,5090700,4951700,4719200,4201800,4131400,4350200,4318800,4113800,3186600,3580400,4207900,4925300,5438200,5957500,6663700,6665500,7250700,7087400,8425700,9080700,10843800,9485000,6478000,7137400,7603800,8948000,8307300,8554800,8955900,9954600,10248800,11152200,11283100,11884700,11519700,12799500,12044800,11735600,11135200,9004800,8826800,9003900,9218100,7182900,8274600,8383200,7890700,9220700,10935600,10440600,11542500,12167500,12141400,11529200,11170300,13067100,13399400,12442700,11797900,12578300,13530200,13881000,13501800,13902140,12979382,12613226,12383673,11282202,12191153,10919180,10402271,9863184,12643216,12728252,Wheat
0,tonnes,1949200,2502800,2812100,677300,4872500,4147200,3121900,2058000,1250800,3969300,3512600,2978200,3400900,4477600,3115400,4407000,3215600,4344200,3451400,5810800,5185300,5818900,4823200,3628000,3923100,4118500,5093500,4225600,5725900,2236300,4535400,4236500,2984300,1438600,3873900,3188900,5986700,5186800,5935300,5012400,4345500,5311100,5385500,4587300,5317100,3658100,2654300,5851900,5399700,7446600,6724400,8348800,8920300,10033000,7063600,12693600,7542900,14797900,10542200,7888300,8508500,6434000,11902100,11357000,11981700,11799600,9369900,18089200,16188000,10856400,16359300,8804700,20787800,18072000,16062600,16119400,12286800,13935000,14214500,15066100,10557400,14738700,16479300,8961300,16503900,22924300,19226600,21464800,24757400,22108100,24299300,10131900,26131900,21905100,25150400,10821600,13569400,21420200,21834000,27410100,29905009,22855576,25303037,23742560,22274514,31818744,20941134,17597561,14480217,31922555,36237477,Wheat
New South Wales,hectares,963400,903100,1297200,1116100,1695200,1540500,1347400,975200,596600,1265600,1293000,1190900,1191900,1436700,1183700,1356800,1226200,1655200,1608200,2078000,1490400,1944100,1855100,1575300,1558600,1611800,1806800,1882100,1772800,1802500,1606100,1227400,1089900,1151300,1527200,1810900,2040800,1634300,1623500,1347000,1114200,1093600,1358500,1181100,1188700,705100,913500,1286100,1598700,1649500,1820400,2026800,2008800,2331000,1852100,2887500,3324500,4031400,3489500,2215700,2426300,2618100,2883000,2646300,2774100,3115800,3377400,3162100,3415000,3345000,3600000,3161700,3868100,3569500,3662600,3098800,2463700,2309500,2123400,2165800,1499300,1694000,1977700,1423800,2328300,3192000,2936200,3173800,3424500,3670800,3446000,2994800,3983400,4256300,3554100,3595800,4008900,4322200,3982600,3814700,3868354,3487448,3269386,3166039,2932741,3248417,2793456,2381953,2132016,4037001,3607705,Wheat
0,tonnes,682800,884200,1034700,349200,1817000,996000,1026400,498700,119400,1513900,1163900,780200,902900,1626600,920000,1293900,736000,1340600,936400,1792900,1495900,2146500,1552800,1324800,1328700,1515000,1499700,1630200,2083400,651400,1320000,1406900,1292700,466300,1701500,426800,2591700,1760900,2230000,1177700,1080200,1542300,1733100,1026500,1555400,775400,288600,1808200,2050900,2304000,2132300,2966600,3333200,4122700,1064600,5511200,2376500,5854600,4430300,3010200,2409800,1954100,3961500,3808700,4310500,5141000,3846200,6640400,6000000,2865000,5910000,1623200,8220800,5610200,5915500,4855200,3996900,4105300,3423300,4127600,2183000,3582700,5086100,874600,4508400,8363400,5906400,6563300,8601900,7867300,8042800,2494900,7288200,7537400,8049000,2567700,2477100,6963300,5349800,10488400,8472914,7364882,6595626,6653670,6897527,9819120,4702842,1850335,1772365,12972151,12029415,Wheat
Victoria,hectares,875800,843900,1038400,1158800,1489200,1264900,1088700,896200,776300,929100,1056700,1070100,993100,1094800,1017200,1179800,1240000,1505000,1443200,1861600,1443100,1307500,1235500,995000,940400,968700,1087000,1112200,1144200,1081600,1115800,868100,725800,866700,1315800,1416900,1306000,1212300,1144600,1107000,997000,903300,966900,967300,866600,633400,742500,732500,914900,1081200,1152900,1264600,1258200,1309600,1244000,1269900,1304700,1612300,1334800,760400,1040200,1087400,1257900,1140700,1073100,1103100,1270300,1337400,1456900,1431000,1321700,1326600,1613900,1522600,1508100,1363600,1025700,930900,952300,911500,664100,821200,779900,821800,853400,962600,856800,948600,1234600,1142600,1136400,1238900,1409200,1327000,1314600,1347300,1514000,1533600,1801100,1793100,1668929,1591922,1535818,1492657,1341512,1454196,1446793,1402863,1428857,1413422,1444578,Wheat
0,tonnes,568600,713700,896400,107300,1592700,1392400,1027000,686900,404400,1074200,1193900,971500,1028600,1289100,796200,1276000,712000,1274200,691600,1464600,1141900,1302100,1159700,703500,1022000,1166000,1311100,492700,1226200,368000,1277900,1137700,537100,95200,806500,1332800,1278100,1335300,1563100,1394400,1251800,1369900,1461400,1319500,1118100,960200,874600,1162000,1055800,1839400,1548000,1847900,2076600,2127300,1649000,1929500,770700,2469200,2273700,1004300,1797300,1249300,1405400,2091300,1578500,1779600,1496700,2998500,3249600,2538000,2466800,422300,3862500,2694300,2342400,2794600,1882400,1691400,1961400,1493000,1150400,2015100,2021900,933600,1921200,2262300,1502800,1462300,2642100,3079700,2791400,890200,3145500,1927100,2908900,879300,1995300,1755700,2994900,4412400,3943311,3422865,3395892,2631301,1814868,4664824,3682083,2276598,3714313,4525002,4246433,Wheat
Queensland,hectares,17400,50600,53700,51400,37900,92200,51700,8800,18800,71800,66600,58900,20700,76500,67200,23100,87000,88300,82600,110200,100700,101200,93900,89700,97000,114800,150900,178900,146500,130300,117700,135500,113800,134500,158800,100400,187100,246000,242800,226100,184000,293200,234700,278200,235400,145700,186400,284900,276500,280300,303400,371900,379400,415000,386000,496700,597600,723800,608700,333900,556000,470600,394700,488500,576200,582000,606800,747000,733300,727000,941100,767000,1005900,921000,972700,794600,646100,768200,894300,1060300,491700,669200,555500,400700,626500,979700,1001400,1138800,1096000,884900,604400,514400,789700,711000,778300,638000,668900,1019900,961700,905500,953201,865923,757955,633508,611093,622197,639189,419697,441477,966132,940597,Wheat
0,tonnes,7800,53700,48100,43100,11300,67000,28200,2800,8500,100800,82300,51100,6600,75600,53700,10300,102900,68400,115200,138900,105100,67800,118600,110900,73200,54800,102000,233500,184800,154700,83800,136100,138300,189900,222700,19200,290600,389400,320400,239000,180400,507600,276900,448200,405900,192100,181100,437800,367800,299200,326900,508200,605900,621000,474100,971900,745700,1142400,405200,119700,721800,404900,525900,692100,830000,794500,569200,1962200,846000,485300,1482300,754400,1922400,1579100,1691000,833100,718400,1550000,1420000,1973200,343700,735200,555400,225100,519500,1979500,1392100,1941200,1904000,1157000,901400,600900,1109700,1170400,1217600,776700,953900,2016000,1346300,1523600,1886303,1613964,1036450,986855,1315912,1501600,765413,419675,418475,1594192,2222389,Wheat
South Australia,hectares,886600,841600,917800,1012800,1108500,1124400,953300,884800,779800,877200,964800,992800,978700,1011700,997800,1120400,1190400,1394400,1475400,1691800,1647700,1645800,1546700,1290300,1209800,1237700,1279500,1246600,1106700,1036200,941200,813000,620700,656900,876200,1019400,961100,834900,767400,747800,652800,624800,618500,683600,651200,582100,538800,569600,627100,797000,902100,1050200,1134100,1103500,1110800,1198000,1159100,1517000,1299000,802300,1068600,986100,1431900,1220400,958500,839100,1090000,1295300,1424200,1445300,1427500,1398000,1564000,1377600,1442500,1616300,1555600,1520000,1556600,1447800,1296800,1419500,1216000,1394700,1519100,1534900,1438500,1762100,1850000,1975600,1986600,1956500,1959500,1979200,2034900,2172500,2120800,2103900,2122400,2340600,2249066,2118739,1926850,2045009,1769700,2178255,1975810,1820819,1720943,1830975,2008064,Wheat
0,tonnes,553600,584700,460700,95900,928500,1244300,780400,623900,407500,931800,678500,782900,939800,830400,778000,967200,654600,729700,635000,948500,1308100,1154100,962200,746500,859900,781000,1181300,861500,1117200,485700,829900,993500,562800,251400,572100,759000,884700,710900,771100,841500,742600,922600,827100,855800,785800,855000,405700,871300,324500,1262000,920800,1042800,1468000,1436600,1087400,1463800,731700,2262000,1609100,789600,1406100,815000,1795000,1485600,1139000,831900,510800,2085700,2349600,1650400,1694700,681200,2590300,1899600,1793100,2254900,1803000,1361100,2607200,2020800,2141000,2421200,2121100,1487400,2724000,2794900,2689200,3310400,2585500,4162400,4778500,2071800,3490400,2620800,3852800,1446000,2296000,2376100,4001300,5948700,4524803,3678962,4254313,4602087,3679342,6132504,4051954,3024524,2689074,3982208,4750113,Wheat
Western Australia,hectares,247700,321000,444000,556900,701800,634000,505800,463800,421600,516300,540800,628400,670500,755800,854700,1040500,1213500,1353100,1444000,1600900,1278400,1371700,1288200,1118700,1028200,1042200,1224800,1381100,1202100,1062500,1073800,709500,634200,613400,742900,981700,1117100,1160500,1171200,1289100,1252300,1213900,1167600,1205600,1169400,1118800,1196800,1332200,1504900,1627400,1772500,1944100,1878000,2084700,2488800,2568400,2690000,2952300,2747100,2361100,2041900,2437400,2977900,2809900,3171300,3313900,3608900,3705600,4120800,4333100,4593000,4865400,4746200,4651600,4147700,4260200,3312400,3297400,3476400,3632200,3229900,3669300,3852400,3848300,3892400,4263700,4204900,4515300,4556200,4460300,4349900,4457700,4917000,5118300,4752700,4037000,4258200,4541900,5005900,4639500,5155761,4909209,5114891,5038134,4615761,4677774,4056574,4369200,4132709,4387514,4718004,Wheat
0,tonnes,118600,249400,362600,71400,496000,438000,253100,240600,305300,333100,378200,376900,514600,649700,556800,845100,989300,919100,1063000,1455300,1129400,1136700,1014700,734000,634200,586100,985300,1002100,1111400,572800,1020000,560300,450200,433300,569300,647400,938400,986000,1047200,1357300,1088000,964500,1079800,933000,1448400,873100,900300,1568100,1595800,1738100,1787000,1972000,1423600,1715500,2778600,2806900,2909700,3058600,1814200,2957000,2165100,2003000,4210800,3277100,4122000,3248800,2945500,4399500,3739100,3315200,4803000,5322100,4188600,6284200,4316300,5376800,3882300,5225100,4800000,5449100,4736000,5978900,6689300,5437900,6826700,7516000,7724500,8170100,9004100,5814400,7759900,4046900,11070000,8618900,9088100,5134300,5820200,8274000,8114100,5004600,11045107,6744055,9976941,8824410,8510577,9644881,7698552,9979220,5842187,8792706,12919145,Wheat
Tasmania,hectares,15100,10200,7500,9700,19700,11200,8800,4800,4700,11400,11300,10200,5900,5200,7700,9400,8500,9100,6800,7800,4700,8500,9800,6700,4200,8600,8500,4000,3000,3300,2600,1700,2000,1600,2000,3100,3100,2800,2200,2200,1500,2700,3900,3000,2500,1600,2400,2600,3300,2800,6300,6200,7100,6800,5700,5200,4900,7000,6000,4500,4600,4300,2500,1500,1600,2000,1300,1400,2000,1600,1300,900,1100,2500,1800,1700,1200,800,800,600,1200,1500,1600,1300,1100,1900,2800,4000,6300,6600,5900,7400,7700,7400,7900,7200,7100,8600,7200,8100,6617,5990,8176,8326,10545,10303,np,np,7182,8173,9303,Wheat
0,tonnes,17900,17100,9500,10500,27000,9500,6900,5100,5800,15400,15700,15500,8300,6300,10700,14500,20900,12300,10200,10600,4900,11700,15200,8300,5000,15400,14200,5500,2900,3800,3900,2000,3300,2500,1800,3800,3200,4200,3400,2600,2500,4200,7100,4300,3500,2400,4100,4400,4900,4000,9300,11300,13000,9800,10000,10400,8500,11100,9500,7600,8300,7700,3500,2300,1700,3900,1500,2900,3700,2500,2300,1500,2800,4400,4000,4700,3800,2200,2700,2400,3200,5500,5300,2800,4100,7500,11700,17500,19800,25600,25300,25300,26100,30500,34000,17700,26800,34900,27300,31900,32252,30440,43484,44237,53361,55780,np,np,43805,56295,69983,Wheat
Northern Territory,hectares,0,0,0,0,0,0,0,0,0,0,0,0,0,0,0,0,0,0,0,0,0,0,0,0,0,0,0,0,0,0,0,0,0,0,0,0,0,0,0,0,0,0,0,0,0,0,0,0,0,0,0,0,0,0,0,0,0,0,0,0,0,0,0,0,0,0,0,0,0,0,0,0,0,0,0,0,0,0,0,0,0,0,0,0,0,700,0,0,0,0,0,0,0,0,0,0,200,0,0,0,0,0,0,0,831,0,0,0,0,0,0,Wheat
0,tonnes,0,0,0,0,0,0,0,0,0,0,0,0,0,0,0,0,0,0,0,0,0,0,0,0,0,0,0,0,0,0,0,0,0,0,0,0,0,0,0,0,0,0,0,0,0,0,0,0,0,0,0,0,0,0,0,0,0,0,0,0,0,0,0,0,0,0,0,0,0,0,0,0,0,0,0,0,0,0,0,0,0,0,0,0,0,600,0,0,0,0,0,0,0,0,0,0,100,0,0,0,0,0,0,0,2861,0,0,0,0,0,0,Wheat
Australian Capital Territory,hectares,0,0,0,0,0,0,0,0,0,0,0,0,0,0,0,0,0,0,0,0,0,0,0,0,0,0,0,0,0,0,0,0,0,0,0,0,0,0,0,0,0,0,0,0,0,0,0,0,0,0,0,0,0,0,0,0,0,0,0,0,0,0,0,0,0,0,0,0,0,0,0,100,300,100,200,0,0,0,0,0,0,0,0,0,0,0,0,0,0,500,100,600,600,200,100,100,100,100,200,300,213,150,150,0,20,10,np,np,0,0,0,Wheat
0,tonnes,0,0,0,0,0,0,0,0,0,0,0,0,0,0,0,0,0,0,0,0,0,0,0,0,0,0,0,0,0,0,0,0,0,0,0,0,0,0,0,0,0,0,0,0,0,0,0,0,0,0,0,0,0,0,0,0,0,0,0,0,0,0,0,0,0,0,0,0,0,0,0,0,500,100,300,0,0,0,0,0,0,100,100,0,0,0,0,0,0,1800,100,1800,1900,0,0,0,0,100,300,400,319,410,330,0,68,35,np,np,0,0,0,Wheat
Australia,hectares,52800,52200,68900,60000,49000,60700,55100,45000,46100,56700,60400,54900,54400,56200,55400,56400,66000,55900,50200,57300,58700,60100,56500,52900,50600,52600,46300,39700,42300,49800,40800,56700,77700,97800,71200,58500,58900,48400,54200,51400,47700,54700,51900,43500,37900,40900,47700,42400,43800,37100,38200,46000,41300,35600,39000,40200,42800,45900,43300,38600,40400,36600,34100,37600,33800,33900,36100,34600,36700,35700,36100,37300,37900,38400,36100,36700,39800,37600,40600,39800,39800,38800,40300,37600,41800,41100,42600,41300,36800,39600,37900,35900,36100,37400,35300,34100,38200,32600,36400,32200,33670,33034,29505,29414,27968,28372,29740,32413,27057,31426,26381,Potatoes
0,tonnes,306300,425000,438100,363300,338000,362400,353000,264600,298900,379000,394300,333600,454800,337500,318400,379200,477500,288600,348000,370600,403500,390400,333000,290100,328300,468200,350800,278700,328500,467200,340800,491100,607700,894100,655400,552300,505200,466600,477900,417700,516400,437400,556200,475400,407900,526700,584200,583600,588100,457900,534200,677100,569900,516100,649200,653200,668600,811200,761800,774300,821700,720500,649100,741900,696500,728500,772800,794600,857400,865800,918600,854300,1019800,992100,964500,1015200,1081500,1048000,1177900,1136200,1150100,1129200,1184700,1122400,1308100,1286100,1371600,1326800,1199600,1302100,1333200,1247300,1310400,1288300,1249600,1212000,1400200,1178500,1278100,1128200,1288186,1273243,1171259,1154503,1130175,1105194,1188655,1225274,1076780,1267639,1108930,Potatoes
New South Wales,hectares,17500,13800,15700,12300,7900,9100,9100,8400,8100,11200,11900,9100,8900,9500,9200,8900,8700,6000,5200,6200,7100,8400,8100,8000,9200,10100,8600,6800,7800,7200,7200,9900,12200,14100,9300,8600,8900,7300,9500,7400,7700,7300,6700,5600,5400,6100,7000,7100,7800,7400,8200,11100,9900,8300,8900,9500,9800,11800,10500,8900,10000,9100,8500,9300,8300,8400,8700,8300,7400,6300,6200,7000,6800,6600,5900,6200,6400,6300,6700,6000,6300,6500,6600,6300,7200,6000,6800,6900,6300,6900,6900,5300,4600,4900,5100,4600,4100,3000,4900,4100,4045,4412,3810,3505,3900,3589,4045,3085,2031,2833,1752,Potatoes
0,tonnes,76400,93100,108600,41400,45200,46100,50800,30800,50800,64300,58800,36300,62100,58200,43800,54100,48200,26800,24300,32800,34300,43100,44200,46800,63900,67300,51600,40000,41200,51200,39300,65800,66700,81900,62800,62300,66600,62200,70500,43800,52900,52000,59000,48500,44900,55300,67800,85800,83200,86500,84600,135100,99900,76900,106300,128200,124800,163400,144300,145700,171800,130300,124600,117900,117900,111900,114800,124200,102400,86500,107500,108800,129600,109300,108600,121600,119900,110100,130100,119500,122500,137400,138700,126800,162500,136200,146500,162100,156400,160100,158500,134100,119100,130500,130900,122700,104400,75400,131800,110800,66078,112757,120440,111038,137247,107698,109301,82463,51373,86630,51164,Potatoes
Victoria,hectares,19300,19300,30200,26500,23000,29800,27100,20900,21800,25400,25900,25000,24000,24800,25600,26800,31400,27700,23800,27400,28300,28200,24600,21900,17900,18500,16600,13900,13000,17900,13500,20900,28500,33700,25500,22800,24000,18500,20500,21200,17000,21400,21300,17800,15000,16100,20200,18700,19600,15700,14800,17400,16000,13300,13900,15000,16300,16200,16100,14200,14000,13100,12500,13000,10900,9900,12100,11300,13100,13700,13700,13500,13500,14900,14200,13200,14500,13000,13300,14100,13600,12000,12000,10100,11500,11400,10300,10500,9600,9600,8700,8200,9100,8400,8500,8100,10700,8500,7600,7600,8189,7174,7587,6242,6338,7150,6396,6800,6981,6582,6231,Potatoes
0,tonnes,121000,194200,179400,192300,176600,191000,185100,139700,148200,174400,176400,150700,242300,141300,163300,165500,234000,142400,174500,176100,209800,185400,144400,111100,105800,199800,136900,82700,89300,220000,120400,198300,220900,310100,234500,227400,187800,168800,170600,141600,181300,135300,217100,209900,165900,231000,255200,263500,246400,183700,199200,258600,203600,186600,244700,228800,219400,304800,284000,303900,306700,287000,254000,282500,244500,243600,303400,279600,333600,349000,354200,287200,362400,379100,367000,364300,398200,368300,368400,376700,368800,309200,322100,279900,335600,315700,295100,319200,294700,297000,294500,270900,337900,271400,289300,256500,322400,255500,275000,236700,295878,250668,292178,238297,237881,245219,224876,257876,272767,282034,269799,Potatoes
Queensland,hectares,3100,3600,4100,3400,2300,3600,4300,2600,1800,3500,3900,3100,2500,3800,4200,3500,4100,3300,3300,4200,4200,3900,4800,4700,5500,5400,4400,4200,5000,5100,3900,4000,5900,7400,6200,4300,4300,4500,4700,4400,4600,4700,3800,3900,4100,5200,5800,4700,5000,4900,5900,6900,6400,5700,6500,6600,7000,7500,7200,6400,7400,6000,5300,6100,6000,6300,6000,5900,6500,5800,6100,6200,6300,6000,5500,6300,6600,6200,6200,5800,5300,5300,5000,4800,4700,4700,5100,4800,5200,4800,4600,4700,4800,4800,3600,3500,3400,3500,3500,3300,3153,4052,2528,3357,2392,2281,2089,2504,2551,3442,3449,Potatoes
0,tonnes,13300,16600,16800,16300,7600,19800,22500,11300,8000,19400,17100,10700,9000,20600,15600,9900,19200,9800,13400,18800,17500,14200,20400,22000,25200,16100,16800,19500,28800,22100,19300,22800,31200,34200,34100,23000,29800,28000,31200,25100,33500,35600,33200,31100,38200,50300,57400,47800,52300,60300,71800,87600,91600,83700,99300,95200,108100,125000,117300,110400,132600,92200,86500,107600,99800,106300,103700,114500,127400,113300,128600,120200,124000,117200,113200,132700,120000,115100,121900,119000,112600,125200,118000,109000,103800,115400,121600,108100,118800,115800,117900,118600,119200,119900,93600,88100,99200,97600,95300,87700,90967,113078,77318,101598,68358,61755,59397,79311,60381,113383,117574,Potatoes
South Australia,hectares,3000,3500,4400,3100,1800,1900,1700,1300,1400,1900,2400,2300,2100,1300,1200,1400,1700,1800,1800,2000,2400,2600,2400,1900,1900,1900,1800,1700,1800,2000,1900,2900,3600,5100,3600,2500,2500,2400,2900,2800,2800,3700,2800,2400,2200,2300,2500,2500,2400,2100,2200,2400,2200,2100,2300,2400,2600,3100,3200,2900,2800,2700,2500,2700,2800,3200,3600,3600,3500,3800,3700,3800,4200,3600,3700,3400,3900,3900,5100,5400,6000,6300,7100,7800,8100,8600,8800,8800,8000,9100,8600,9300,8900,10700,9500,9400,12100,10100,11900,9300,9813,9306,9110,9234,8498,7757,9670,11835,7511,9673,6183,Potatoes
0,tonnes,23000,33600,33500,18300,13200,20700,11500,13400,11200,17300,18900,17600,21700,12400,10900,15600,18000,14100,15200,19300,24400,25200,19800,19700,19600,21300,22000,18800,21600,26000,24500,33400,36600,65200,35700,29700,34700,33600,41600,36500,44600,44600,45800,39000,37000,44400,50800,51400,49700,41500,49300,54100,52000,49200,57400,61200,64300,69100,79900,72600,71700,69500,60500,70800,70700,83400,90300,89400,91500,96700,100200,95500,120700,112200,113000,105400,122800,119100,161300,175300,198600,179300,202600,247400,282600,285300,306600,301000,280600,322700,334700,328000,330700,364500,357800,364300,477100,383200,358700,356500,384204,367141,351816,341283,347502,297371,401455,382981,277221,305652,228701,Potatoes
Western Australia,hectares,1100,2100,2100,1900,2000,2400,1800,1600,1500,1700,1500,1500,1900,2100,1700,2100,2100,2000,2400,2600,2000,2000,1800,1600,2000,1800,1700,2200,2300,2500,1900,2600,3000,4700,4000,2800,2800,2600,2800,2700,2800,3300,3300,3100,2800,3500,3400,2900,2800,2700,2800,2600,2400,2300,2500,2500,2500,2700,2600,2500,2700,2400,2200,2400,2300,2300,2100,2000,2000,1900,2000,2000,2000,2000,1900,1800,2000,2200,2500,2900,2600,2600,2700,2600,2800,3000,3200,2700,2100,1800,1700,1800,1900,1900,2100,1900,1900,1800,1900,1900,1877,1741,1651,1670,1803,1736,1687,1871,1715,1651,1940,Potatoes
0,tonnes,9500,13800,18100,15000,14300,16700,11500,11900,13500,13600,13800,15400,18100,20200,16300,18000,17000,19100,28000,26700,20600,22700,21500,19500,26700,23300,21900,27000,31300,32000,25700,32800,31000,52000,48400,36600,41300,40100,40100,44600,50700,53600,54600,44300,42800,54600,50000,47900,56900,46200,56600,57800,56300,61700,63900,65200,71600,75600,68200,69200,68400,63300,60600,67500,68000,70900,53300,62600,66200,64300,67300,69300,69600,70400,69300,67600,72300,78500,98700,110100,97800,108200,111800,103600,121500,116000,128200,108900,82100,75500,77300,75500,75900,81200,89400,78700,85800,88500,84600,84800,89537,79129,77904,65713,87747,73845,66847,79555,75581,78899,85920,Potatoes
Tasmania,hectares,8800,10000,12500,12800,11900,13900,11100,10100,11500,13000,14900,13900,15000,14600,13400,13800,18000,15100,13600,15100,14700,14900,14800,14700,14100,15000,13100,10800,12300,15100,12400,16400,24500,32800,22800,17500,16300,13100,13800,12800,12800,14300,14000,10600,8400,7700,8800,6600,6300,4400,4500,5600,4400,3800,4900,4200,4400,4600,3800,3600,3600,3300,3100,4100,3400,3700,3600,3600,4100,4300,4400,4700,5200,5200,4800,5700,6400,6000,6900,5700,6000,6100,6900,6100,7600,7400,8300,7600,5700,7500,7400,6500,6800,6700,6300,6600,6000,5700,6600,6000,6593,6348,4819,5406,5036,5860,5852,6317,6269,7245,6825,Potatoes
0,tonnes,63200,73700,81700,80200,81200,68100,71600,57400,67300,90100,109400,102800,101500,84700,68400,115900,141100,76400,92600,96800,96900,99800,82600,71100,87200,140500,101600,90800,116300,115900,111600,138100,221300,350800,239900,173400,145000,133900,124000,126000,153400,116300,146600,102600,79200,91100,103100,87300,99600,39700,72700,83900,66500,58000,77600,74500,80300,73300,68000,72600,70400,78300,62900,95600,95600,112300,107200,124400,136200,156000,160800,173100,213100,203500,193500,223400,248300,256800,297500,235500,249800,269900,291400,255700,302000,317400,373600,327500,267200,331000,350100,320300,327600,320800,288600,301700,311200,278400,332700,251800,361521,350470,251602,296573,251439,319306,326779,343088,339458,401041,355771,Potatoes
Northern Territory,hectares,0,0,0,0,0,0,0,0,0,0,0,0,0,0,0,0,0,0,0,0,0,0,0,0,0,0,0,0,0,0,0,0,0,0,0,0,0,0,0,0,0,0,0,0,0,0,0,0,0,0,0,0,0,0,0,0,0,0,0,0,0,0,0,0,0,0,0,0,0,0,0,0,0,0,0,0,0,0,0,0,0,0,0,0,0,0,0,0,0,0,0,0,0,0,0,0,0,0,0,0,0,0,0,0,0,0,0,0,0,0,0,Potatoes
0,tonnes,0,0,0,0,0,0,0,0,0,0,0,0,0,0,0,0,0,0,0,0,0,0,0,0,0,0,0,0,0,0,0,0,0,0,0,0,0,0,0,0,0,0,0,0,0,0,0,0,0,0,0,0,0,0,0,0,0,0,0,0,0,0,0,0,0,0,0,0,0,0,0,0,0,0,0,0,0,0,0,0,0,0,0,0,0,0,0,0,0,0,0,0,0,0,0,0,0,0,0,0,0,0,0,0,0,0,0,0,0,0,0,Potatoes
Australian Capital Territory,hectares,0,0,0,0,0,0,0,0,0,0,0,0,0,0,0,0,0,0,0,0,0,0,0,0,0,0,0,0,0,0,0,0,0,0,0,0,0,0,0,0,0,0,0,0,0,0,0,0,0,0,0,0,0,0,0,0,0,0,0,0,0,0,0,0,0,0,0,0,0,0,0,0,0,0,0,0,0,0,0,0,0,0,0,0,0,0,0,0,0,0,0,0,0,0,0,0,0,0,0,0,0,0,0,0,0,0,0,0,0,0,0,Potatoes
0,tonnes,0,0,0,0,0,0,0,0,0,0,0,0,0,0,0,0,0,0,0,0,0,0,0,0,0,0,0,0,0,0,0,0,0,0,0,0,0,0,0,0,0,0,0,0,0,0,0,0,0,0,0,0,0,0,0,0,0,0,0,0,0,0,0,0,0,0,0,0,0,0,0,0,0,0,0,0,0,0,0,0,0,0,0,0,0,0,0,0,0,0,0,0,0,0,0,0,0,0,0,0,0,0,0,0,0,0,0,0,0,0,0,Potatoes
Australia,number,11577259,11483882,11051573,9931416,10459237,11829135,12738852,12711067,13499737,14441309,14336673,13357508,13309473,13279785,11963278,11616056,11300757,11202134,11720916,12260955,12783137,13512486,14048671,13911659,13491072,13078356,12861781,12861781,13080180,13255841,13560754,14005320,14183679,14133167,13878006,13426646,13784584,14123610,14640000,15229000,14893000,15247000,15601000,15836000,16457000,17257000,16892000,16257000,16503000,17332000,18033000,18549000,19055000,18815500,17935900,18269900,19218900,20606300,22161500,24371900,27372100,29101000,30838700,32793000,33433600,31533000,29330000,27112000,26203000,25168000,24490000,22475300,22161300,22783000,23436100,21914700,21850800,22434300,23190600,23662300,23880000,24061800,25781700,25731200,26377300,26694600,26851500,26577900,27587000,27721700,27870000,26664100,27464800,27781500,28393400,28036600,27321000,27906800,26550100,28506200,28418422,29290769,29102954,27412872,24971349,26175521,26395734,24723458,23503238,24431174,24398826,Total cattle
New South Wales,number,3033726,2815113,2472631,2400104,2757713,3148309,3271782,3075954,3367880,3538240,3244905,2932437,2871196,2931818,2813144,2848654,2784615,2686132,2840473,2993586,3141174,3361771,3482831,3388538,3288169,3019581,2811884,2811884,2762653,2769061,2878450,3030546,3143378,3144701,3116834,2983093,3129700,3252800,3440500,3703000,3621000,3648700,3554000,3460700,3678600,3910800,3736300,3663500,3840600,4241900,4398700,4569100,4789000,4619100,4152900,4145700,4554500,4864400,5637000,6493800,7409500,7918400,8456400,8935100,9138000,8348500,7330000,6484000,6097000,5459000,5379000,5018000,5035500,5225500,5409300,4868000,4961800,5328600,5505700,5653400,5697200,5783100,6515100,6236400,6390400,6510600,6351100,6290600,5970200,6214500,6020800,5817100,5815600,5734300,6211200,5934700,5650900,5856300,5455400,5709800,5837691,5953222,5662941,5591797,4997700,5287166,4727055,4043055,3857038,4430254,4654901,Total cattle
Victoria,number,1508089,1528553,1362542,1043604,1175098,1371049,1596544,1631120,1575159,1750369,1785660,1591367,1605554,1513787,1435761,1327077,1304426,1335242,1429920,1637530,1900922,2002235,2085080,2091246,2004959,1880429,1697295,1697295,1787597,1922336,1986544,2022892,2013033,1903110,1827087,2060061,2174200,2224500,2230900,2216300,2215000,2297200,2370200,2456300,2616600,2765000,2749600,2651000,2624000,2863800,3155900,3225200,3300700,3316400,3397000,3528200,3474200,3877800,4462400,5060700,5456600,5464500,5839700,6192400,5868400,5104300,4572400,4134400,4252300,4313000,4137000,3408300,3487000,3575700,3719700,3478000,3473500,3508600,3645700,3631400,3574200,3689200,4188700,4279800,4395900,4410600,4141600,4125000,4263700,4405400,4412500,4387600,4280600,4509200,4403200,4243000,3837400,3853500,3668200,3969900,4113755,4228971,4217692,4128535,3483990,3609826,3763960,3603194,3514368,3576654,3475078,Total cattle
Queensland,number,5210891,5322033,5455943,4780893,4765657,5316558,5786744,5940433,6455067,7047370,6955463,6396514,6454653,6436645,5464845,5225804,5128341,5208588,5463724,5550399,5535065,5781170,6052641,6033004,5950572,5959165,6097089,6097089,6198798,6210810,6303467,6466316,6524553,6623112,6542210,5945285,5975500,5991800,6304800,6734000,6435000,6751400,7086200,7238100,7331000,7461700,7187200,6884200,7012000,7004100,7097900,7233600,7402300,7392500,6888000,6919000,7361000,7668000,7515000,7944000,9021000,9795000,10297000,10879000,11347000,11506400,11490200,10859500,10331700,9925000,9765000,9349500,9154400,9413200,9662000,9011500,8825200,8993800,9488900,9855500,10005300,9873000,9942400,9973600,10214400,10415000,10867200,10747600,11807700,11375800,11544000,10739900,11499700,11600200,11547500,11683600,11904600,12332400,11355500,12611900,12160877,12798010,12931794,11347001,10544965,11143514,12050983,11295125,10499555,10728619,10879265,Total cattle
South Australia,number,383418,352905,300579,226565,288887,313245,342768,349562,376399,419197,425811,413272,400423,373597,340007,316314,263016,204516,218985,265324,312932,352728,346479,335354,328013,324163,318897,318897,351013,376654,399143,424253,414997,391323,374096,423980,445300,461100,464100,432600,437500,482600,490900,523800,566100,621600,597200,576100,499700,560700,659500,678700,694300,696500,690000,687000,695200,865100,1026100,1196400,1495000,1583300,1691600,1868700,1891200,1607800,1242500,1085900,1067000,1091000,1010000,828300,812600,846400,914500,911700,947200,942500,969100,990100,1016500,1104200,1202200,1216000,1218700,1181100,1213700,1182800,1183800,1241800,1380900,1400700,1352400,1383700,1329100,1242400,1126000,1207100,1042400,1252200,1331247,1326844,1245284,1142098,1048606,1083067,1027258,981032,1023836,1047765,1052173,Total cattle
Western Australia,number,806294,834265,863835,821048,863930,927086,943847,880644,849803,893108,939596,953764,891564,835911,827303,846735,837527,836646,812844,826532,857473,885669,911940,882761,792508,740241,767680,767680,799175,788928,839731,831231,870939,852563,833567,811949,815600,864100,864900,841000,852000,846300,829700,860600,896900,957200,997000,1000000,1030000,1100000,1218000,1298000,1299000,1258000,1271000,1357000,1427000,1546000,1681000,1781000,1975000,2182000,2330000,2544000,2654000,2464000,2271000,2092000,2065000,2034000,1935000,1754200,1729500,1673500,1690100,1659500,1705200,1701700,1673000,1583800,1649100,1648200,1805500,1899100,1923700,1908700,1972500,1930800,2164600,2127800,2103600,1945200,2095100,2127000,2390900,2327300,2113400,2318300,2319200,2067100,2067623,2004424,2109223,2366728,2003253,2127743,2015183,1989025,2031861,2132146,2000114,Total cattle
Tasmania,number,222181,205743,176524,169575,179360,197938,218234,214442,208202,216704,218197,220351,225740,212373,213112,210894,208812,214643,230254,232444,250807,262256,261588,270035,261597,254812,262407,262407,252484,259108,253106,244681,230127,224668,216306,220119,244100,266400,274700,271900,265000,275100,295200,319400,332000,354000,371000,374000,375000,394000,425000,444000,450000,451000,492000,522000,564000,586000,646000,733000,829000,900000,884000,921000,909000,819000,733000,657000,649000,659000,628000,559200,542100,553600,570300,534800,542200,560400,569000,584300,592700,604700,678900,692700,717600,725200,728100,724400,616600,636300,618800,681500,684100,689000,704000,682400,641700,651600,637400,689200,703967,769875,765656,715777,648486,730228,686255,662088,775363,780073,744893,Total cattle
Northern Territory,number,405552,417643,414558,483961,420362,541545,570039,610534,659840,568031,760766,843718,855285,970342,863597,835390,768751,711607,720476,749745,780121,859867,899679,900535,855398,891640,899472,899472,922581,922308,892881,978434,978569,984370,960039,972990,991429,1052811,1049000,1019000,1058000,936000,966000,0,1028000,1176000,1244000,1099000,1111000,1154000,1064000,1087000,1105000,1068000,1032000,1097000,1130000,1185000,1179000,1145000,1166000,1237000,1321000,1434000,1603000,1664000,1674000,1785000,1727000,1675000,1622000,1547700,1390100,1484000,1457600,1439300,1384900,1388000,1327100,1352600,1334300,1347200,1435500,1420900,1503100,1530200,1567200,1567000,1570200,0,0,0,np,np,1798200,1912200,2040800,1680500,2065700,2197400,2195245,2199864,2164332,2114568,2238375,2188589,2119265,2146938,1798845,1731707,1587490,Total cattle
Australian Capital Territory,number,7108,7627,4961,5666,8230,13408,8894,8378,7387,8290,6275,6085,5058,5312,5509,6188,5269,4760,4240,5395,4643,6790,8433,10186,9856,8325,7057,7057,5879,6636,7432,6967,8083,9320,7867,9169,8748,10071,11000,11000,10000,10000,9000,0,9000,11000,10000,9000,11000,13000,14000,14000,15000,14000,13000,14000,13000,14000,15000,18000,20000,19000,19000,18800,23000,19000,16900,14200,14000,12000,14000,10200,9900,11100,12700,11800,10800,10600,12100,11200,10800,12200,13400,12800,13700,13300,9900,9700,10200,0,0,0,7600,9300,9200,11000,6000,7000,6300,8800,8018,9560,6033,6367,5974,5389,5775,3001,2371,3957,4912,Total cattle
